1,44d6039e-aebe-46ed-893e-b401a8132c43,gmps-ernievon,Cierra, Vega,CierraVega@gmail.com,2016413081,11432,Business,Email,WorkDay 9AM-12PM,This is Cierra Vega message here
2,47026c7e-e6b6-49c9-ba43-cad17cb38b3f,gmps-ernievon,Alden, Cantrell,AldenCantrell@gmail.com,6086614961,44312,Personal,Phone,WorkDay 9AM-12PM,Alden Cantrell message here
3,44d6039e-aebe-46ed-893e-b401a8132c43,gmps-ernievon,Kierra, Gentry,KierraGentry@gmail.com,6096080179,53402,Business,Email,WorkDay 9AM-12PM,Kierra Gentry message here
4,47026c7e-e6b6-49c9-ba43-cad17cb38b3f,gmps-ernievon,Pierre, Cox,PierreCox@gmail.com,2073948953,34491,Personal,Email,WorkDay 9AM-12PM,Pierre Cox message here
5,44d6039e-aebe-46ed-893e-b401a8132c43,gmps-ernievon,Heather, Schneider,HeatherSchneider@gmail.com,7022152412,52501,Business,Phone,WorkDay 9AM-12PM,Heather Schneider message here
6,47026c7e-e6b6-49c9-ba43-cad17cb38b3f,gmps-ernievon,Thomas, Crane,ThomasCrane@gmail.com,9204530875,32937,Personal,Email,WorkDay 9AM-12PM,Thomas Crane message here
7,47026c7e-e6b6-49c9-ba43-cad17cb38b3f,gmps-ernievon,Madeline, Hudson,CierraVega@gmail.com,8593594454,11375,Business,Phone,WorkDay 9AM-12PM,Madeline Hudson message here
8,47026c7e-e6b6-49c9-ba43-cad17cb38b3f,gmps-ernievon,Miranda, Shaffer,MirandaShaffer@gmail.com,5594186300,32765,Personal,Email,WorkDay 9AM-12PM,Miranda Shaffer message here
9,44d6039e-aebe-46ed-893e-b401a8132c43,gmps-ernievon,Bradyn, Kramer,BradynKramer@gmail.com,7188743918,95060,Business,Phone,WorkDay 9AM-12PM,Bradyn Kramer message here
10,44d6039e-aebe-46ed-893e-b401a8132c43,gmps-ernievon,Alvaro, Mcgee,AlvaroMcgee@gmail.com,9734339899,08701,Personal,Email,WorkDay 9AM-12PM,Alvaro Mcgee message here
11,47026c7e-e6b6-49c9-ba43-cad17cb38b3f,gmps-ernievon,Alvaro, Mcgee,AlvaroMcgee@gmail.com,9734339899,08701,Personal,Email,WorkDay 9AM-12PM,Alvaro Mcgee message here
12,b75c1851-2975-4abf-b8cd-72b0a48cc18b,gmps-peach,Makena, Leach,MakenaLeach@gmail.com,2016413081,11432,Business,Email,WorkDay 9AM-12PM,Makena Leach message here
13,b75c1851-2975-4abf-b8cd-72b0a48cc18b,gmps-peach,Pamela, Burton,PamelaBurton@gmail.com,6086614961,44312,Personal,Phone,WorkDay 9AM-12PM,Pamela Burton message here
14,7a5e4aa3-cd41-4d1b-b42b-e5a94caff83a,gmps-peach,Alijah, Allison,AlijahAllison@gmail.com,6096080179,53402,Business,Email,WorkDay 9AM-12PM,Alijah Allison message here
15,b75c1851-2975-4abf-b8cd-72b0a48cc18b,gmps-peach,Aaden, Everett,AadenEverett@gmail.com,2073948953,34491,Personal,Email,WorkDay 9AM-12PM,Aaden Everett message here
16,b75c1851-2975-4abf-b8cd-72b0a48cc18b,gmps-peach,Abril, Diaz,AbrilDiaz@gmail.com,7022152412,52501,Business,Phone,WorkDay 9AM-12PM,Abril Diaz message here
17,7a5e4aa3-cd41-4d1b-b42b-e5a94caff83a,gmps-peach,Kolton, Gardner,Kolton Gardner@gmail.com,9204530875,32937,Personal,Email,WorkDay 9AM-12PM,Kolton Gardner message here
18,7a5e4aa3-cd41-4d1b-b42b-e5a94caff83a,gmps-peach,Joyce, Andersen,JoyceAndersen@gmail.com,8593594454,11375,Business,Phone,WorkDay 9AM-12PM,Joyce Andersen message here
19,b75c1851-2975-4abf-b8cd-72b0a48cc18b,gmps-peach,Kristian, Webb,KristianWebb@gmail.com,5594186300,32765,Personal,Email,WorkDay 9AM-12PM,Kristian Webb message here
20,b75c1851-2975-4abf-b8cd-72b0a48cc18b,gmps-peach,Alexia, Moon,Alexia Moon@gmail.com,7188743918,95060,Business,Phone,WorkDay 9AM-12PM,Alexia Moon message here
21,7a5e4aa3-cd41-4d1b-b42b-e5a94caff83a,gmps-peach,Eliezer, Pitts,EliezerPitts@gmail.com,9734339899,08701,Personal,Email,WorkDay 9AM-12PM,Eliezer Pitts message here
22,b75c1851-2975-4abf-b8cd-72b0a48cc18b,gmps-peach,Jovanny, Shannon,JovannyShannon@gmail.com,9734339899,08701,Personal,Email,WorkDay 9AM-12PM,Jovanny Shannon message here
